date,industry,top200_share,market_share,difference_pp
2026-09-21,交通运输,0.01,0.022984102662325225,-1.2984102662325225
2026-09-21,传媒,0.03,0.02643171806167401,0.35682819383259895
2026-09-21,农林牧渔,0.165,0.01915341888527102,14.584658111472898
2026-09-21,医药,0.055,0.0919364106493009,-3.69364106493009
2026-09-21,商贸零售,0.05,0.01953648726297644,3.0463512737023564
2026-09-21,国防军工,0.005,0.022984102662325225,-1.7984102662325223
2026-09-21,基础化工,0.125,0.09519249185979697,2.9807508140203027
2026-09-21,家电,0.0,0.015131200919364107,-1.5131200919364107
2026-09-21,建材,0.01,0.016088871863627657,-0.6088871863627656
2026-09-21,建筑,0.025,0.029304730894464663,-0.4304730894464662
2026-09-21,房地产,0.01,0.02011108982953457,-1.0111089829534572
2026-09-21,有色金属,0.015,0.024516376173146906,-0.9516376173146907
2026-09-21,机械,0.075,0.12411415437655622,-4.911415437655623
2026-09-21,汽车,0.045,0.04730894464661942,-0.2308944646619425
2026-09-21,消费者服务,0.035,0.010725914575751772,2.427408542424823
2026-09-21,煤炭,0.01,0.006703696609844857,0.3296303390155143
2026-09-21,电力及公用事业,0.035,0.04366979505841793,-0.8669795058417924
2026-09-21,电力设备及新能源,0.015,0.0582263934112239,-4.3226393411223905
2026-09-21,电子,0.03,0.09787397050373492,-6.787397050373492
2026-09-21,石油石化,0.025,0.00957670944263551,1.542329055736449
2026-09-21,纺织服装,0.015,0.01896188469641831,-0.3961884696418311
2026-09-21,综合,0.005,0.004022217965906914,0.0977782034093086
2026-09-21,综合金融,0.01,0.001915341888527102,0.8084658111472899
2026-09-21,计算机,0.03,0.0639724190768052,-3.3972419076805203
2026-09-21,轻工制造,0.05,0.031411606971844475,1.8588393028155528
2026-09-21,通信,0.01,0.022792568473472514,-1.2792568473472514
2026-09-21,钢铁,0.0,0.010151312009193642,-1.015131200919364
2026-09-21,银行,0.0,0.008044435931813828,-0.8044435931813828
2026-09-21,非银行金融,0.0,0.013215859030837005,-1.3215859030837005
2026-09-21,食品饮料,0.11,0.023941773606588775,8.605822639341122
2026-09-22,交通运输,0.015,0.02297970126388357,-0.797970126388357
2026-09-22,传媒,0.015,0.026426656453466105,-1.1426656453466104
2026-09-22,农林牧渔,0.18,0.019149751053236307,16.08502489467637
2026-09-22,医药,0.055,0.09191880505553428,-3.691880505553428
2026-09-22,商贸零售,0.06,0.019532746074301034,4.046725392569896
2026-09-22,国防军工,0.01,0.02297970126388357,-1.297970126388357
2026-09-22,基础化工,0.13,0.09536576024511681,3.4634239754883196
2026-09-22,家电,0.005,0.015128303332056683,-1.0128303332056683
2026-09-22,建材,0.015,0.0160857908847185,-0.10857908847184995
2026-09-22,建筑,0.03,0.02929911911145155,0.07008808885484476
2026-09-22,房地产,0.005,0.020107238605898123,-1.5107238605898121
2026-09-22,有色金属,0.005,0.024511681348142474,-1.9511681348142473
2026-09-22,机械,0.06,0.12409038682497127,-6.409038682497127
2026-09-22,汽车,0.045,0.04729988510149368,-0.2299885101493683
2026-09-22,消费者服务,0.03,0.010723860589812333,1.9276139410187667
2026-09-22,煤炭,0.01,0.006702412868632708,0.3297587131367292
2026-09-22,电力及公用事业,0.06,0.043661432401378784,1.6338567598621214
2026-09-22,电力设备及新能源,0.02,0.05821524320183838,-3.8215243201838374
2026-09-22,电子,0.035,0.09785522788203753,-6.285522788203752
2026-09-22,石油石化,0.015,0.009574875526618154,0.5425124473381846
2026-09-22,纺织服装,0.015,0.018958253542703946,-0.3958253542703946
2026-09-22,综合,0.005,0.004021447721179625,0.09785522788203754
2026-09-22,综合金融,0.01,0.0019149751053236309,0.8085024894676369
2026-09-22,计算机,0.01,0.06396016851780927,-5.396016851780926
2026-09-22,轻工制造,0.025,0.031405591727307544,-0.6405591727307542
2026-09-22,通信,0.005,0.022788203753351208,-1.7788203753351206
2026-09-22,钢铁,0.0,0.010149368058215244,-1.0149368058215245
2026-09-22,银行,0.0,0.00804289544235925,-0.8042895442359249
2026-09-22,非银行金融,0.0,0.013213328226733052,-1.3213328226733052
2026-09-22,食品饮料,0.13,0.023937188816545385,10.606281118345462
2026-09-23,交通运输,0.005,0.02297970126388357,-1.797970126388357
2026-09-23,传媒,0.06,0.026426656453466105,3.357334354653389
2026-09-23,农林牧渔,0.175,0.019149751053236307,15.58502489467637
2026-09-23,医药,0.07,0.09191880505553428,-2.191880505553427
2026-09-23,商贸零售,0.08,0.019532746074301034,6.046725392569897
2026-09-23,国防军工,0.015,0.02297970126388357,-0.797970126388357
2026-09-23,基础化工,0.11,0.09536576024511681,1.4634239754883192
2026-09-23,家电,0.01,0.015128303332056683,-0.5128303332056683
2026-09-23,建材,0.015,0.0160857908847185,-0.10857908847184995
2026-09-23,建筑,0.03,0.02929911911145155,0.07008808885484476
2026-09-23,房地产,0.01,0.020107238605898123,-1.0107238605898123
2026-09-23,有色金属,0.005,0.024511681348142474,-1.9511681348142473
2026-09-23,机械,0.04,0.12409038682497127,-8.409038682497128
2026-09-23,汽车,0.03,0.04729988510149368,-1.7299885101493682
2026-09-23,消费者服务,0.035,0.010723860589812333,2.427613941018767
2026-09-23,煤炭,0.025,0.006702412868632708,1.8297587131367292
2026-09-23,电力及公用事业,0.035,0.043661432401378784,-0.8661432401378781
2026-09-23,电力设备及新能源,0.01,0.05821524320183838,-4.821524320183838
2026-09-23,电子,0.03,0.09785522788203753,-6.785522788203753
2026-09-23,石油石化,0.03,0.009574875526618154,2.042512447338184
2026-09-23,纺织服装,0.01,0.018958253542703946,-0.8958253542703946
2026-09-23,综合,0.005,0.004021447721179625,0.09785522788203754
2026-09-23,综合金融,0.01,0.0019149751053236309,0.8085024894676369
2026-09-23,计算机,0.025,0.06396016851780927,-3.8960168517809266
2026-09-23,轻工制造,0.02,0.031405591727307544,-1.1405591727307545
2026-09-23,通信,0.005,0.022788203753351208,-1.7788203753351206
2026-09-23,钢铁,0.0,0.010149368058215244,-1.0149368058215245
2026-09-23,银行,0.0,0.00804289544235925,-0.8042895442359249
2026-09-23,非银行金融,0.0,0.013213328226733052,-1.3213328226733052
2026-09-23,食品饮料,0.105,0.023937188816545385,8.10628111834546
2026-09-24,交通运输,0.005,0.02297970126388357,-1.797970126388357
2026-09-24,传媒,0.055,0.026426656453466105,2.8573343546533896
2026-09-24,农林牧渔,0.22,0.019149751053236307,20.08502489467637
2026-09-24,医药,0.07,0.09191880505553428,-2.191880505553427
2026-09-24,商贸零售,0.065,0.019532746074301034,4.546725392569897
2026-09-24,国防军工,0.02,0.02297970126388357,-0.2979701263883569
2026-09-24,基础化工,0.095,0.09536576024511681,-0.03657602451168085
2026-09-24,家电,0.015,0.015128303332056683,-0.012830333205668398
2026-09-24,建材,0.015,0.0160857908847185,-0.10857908847184995
2026-09-24,建筑,0.03,0.02929911911145155,0.07008808885484476
2026-09-24,房地产,0.015,0.020107238605898123,-0.5107238605898123
2026-09-24,有色金属,0.015,0.024511681348142474,-0.9511681348142474
2026-09-24,机械,0.06,0.12409038682497127,-6.409038682497127
2026-09-24,汽车,0.02,0.04729988510149368,-2.729988510149368
2026-09-24,消费者服务,0.035,0.010723860589812333,2.427613941018767
2026-09-24,煤炭,0.01,0.006702412868632708,0.3297587131367292
2026-09-24,电力及公用事业,0.045,0.043661432401378784,0.1338567598621214
2026-09-24,电力设备及新能源,0.005,0.05821524320183838,-5.321524320183838
2026-09-24,电子,0.035,0.09785522788203753,-6.285522788203752
2026-09-24,石油石化,0.02,0.009574875526618154,1.0425124473381846
2026-09-24,纺织服装,0.0,0.018958253542703946,-1.8958253542703947
2026-09-24,综合,0.0,0.004021447721179625,-0.40214477211796246
2026-09-24,综合金融,0.01,0.0019149751053236309,0.8085024894676369
2026-09-24,计算机,0.03,0.06396016851780927,-3.3960168517809266
2026-09-24,轻工制造,0.03,0.031405591727307544,-0.14055917273075452
2026-09-24,通信,0.0,0.022788203753351208,-2.278820375335121
2026-09-24,钢铁,0.0,0.010149368058215244,-1.0149368058215245
2026-09-24,银行,0.0,0.00804289544235925,-0.8042895442359249
2026-09-24,非银行金融,0.0,0.013213328226733052,-1.3213328226733052
2026-09-24,食品饮料,0.08,0.023937188816545385,5.6062811183454615
2026-09-28,交通运输,0.015,0.02297970126388357,-0.797970126388357
2026-09-28,传媒,0.08,0.026426656453466105,5.35733435465339
2026-09-28,农林牧渔,0.12,0.019149751053236307,10.08502489467637
2026-09-28,医药,0.045,0.09191880505553428,-4.691880505553428
2026-09-28,商贸零售,0.035,0.019532746074301034,1.546725392569897
2026-09-28,国防军工,0.03,0.02297970126388357,0.7020298736116429
2026-09-28,基础化工,0.115,0.09536576024511681,1.9634239754883196
2026-09-28,家电,0.005,0.015128303332056683,-1.0128303332056683
2026-09-28,建材,0.015,0.0160857908847185,-0.10857908847184995
2026-09-28,建筑,0.03,0.02929911911145155,0.07008808885484476
2026-09-28,房地产,0.005,0.020107238605898123,-1.5107238605898121
2026-09-28,有色金属,0.025,0.024511681348142474,0.048831865185752776
2026-09-28,机械,0.1,0.12409038682497127,-2.409038682497126
2026-09-28,汽车,0.03,0.04729988510149368,-1.7299885101493682
2026-09-28,消费者服务,0.025,0.010723860589812333,1.427613941018767
2026-09-28,煤炭,0.01,0.006702412868632708,0.3297587131367292
2026-09-28,电力及公用事业,0.03,0.043661432401378784,-1.3661432401378786
2026-09-28,电力设备及新能源,0.01,0.05821524320183838,-4.821524320183838
2026-09-28,电子,0.07,0.09785522788203753,-2.7855227882037523
2026-09-28,石油石化,0.02,0.009574875526618154,1.0425124473381846
2026-09-28,纺织服装,0.02,0.018958253542703946,0.10417464572960548
2026-09-28,综合,0.0,0.004021447721179625,-0.40214477211796246
2026-09-28,综合金融,0.01,0.0019149751053236309,0.8085024894676369
2026-09-28,计算机,0.035,0.06396016851780927,-2.896016851780926
2026-09-28,轻工制造,0.045,0.031405591727307544,1.3594408272692453
2026-09-28,通信,0.02,0.022788203753351208,-0.2788203753351207
2026-09-28,钢铁,0.005,0.010149368058215244,-0.5149368058215243
2026-09-28,银行,0.0,0.00804289544235925,-0.8042895442359249
2026-09-28,非银行金融,0.005,0.013213328226733052,-0.8213328226733051
2026-09-28,食品饮料,0.045,0.023937188816545385,2.1062811183454615
2026-09-29,交通运输,0.01,0.02297970126388357,-1.297970126388357
2026-09-29,传媒,0.03,0.026426656453466105,0.3573343546533894
2026-09-29,农林牧渔,0.135,0.019149751053236307,11.58502489467637
2026-09-29,医药,0.06,0.09191880505553428,-3.191880505553428
2026-09-29,商贸零售,0.05,0.019532746074301034,3.046725392569897
2026-09-29,国防军工,0.025,0.02297970126388357,0.2020298736116432
2026-09-29,基础化工,0.105,0.09536576024511681,0.9634239754883187
2026-09-29,家电,0.01,0.015128303332056683,-0.5128303332056683
2026-09-29,建材,0.025,0.0160857908847185,0.8914209115281503
2026-09-29,建筑,0.05,0.02929911911145155,2.070088088854845
2026-09-29,房地产,0.005,0.020107238605898123,-1.5107238605898121
2026-09-29,有色金属,0.0,0.024511681348142474,-2.4511681348142473
2026-09-29,机械,0.085,0.12409038682497127,-3.909038682497126
2026-09-29,汽车,0.045,0.04729988510149368,-0.2299885101493683
2026-09-29,消费者服务,0.03,0.010723860589812333,1.9276139410187667
2026-09-29,煤炭,0.01,0.006702412868632708,0.3297587131367292
2026-09-29,电力及公用事业,0.03,0.043661432401378784,-1.3661432401378786
2026-09-29,电力设备及新能源,0.025,0.05821524320183838,-3.321524320183838
2026-09-29,电子,0.045,0.09785522788203753,-5.285522788203753
2026-09-29,石油石化,0.025,0.009574875526618154,1.5425124473381848
2026-09-29,纺织服装,0.025,0.018958253542703946,0.6041746457296056
2026-09-29,综合,0.0,0.004021447721179625,-0.40214477211796246
2026-09-29,综合金融,0.01,0.0019149751053236309,0.8085024894676369
2026-09-29,计算机,0.02,0.06396016851780927,-4.396016851780926
2026-09-29,轻工制造,0.055,0.031405591727307544,2.3594408272692458
2026-09-29,通信,0.02,0.022788203753351208,-0.2788203753351207
2026-09-29,钢铁,0.005,0.010149368058215244,-0.5149368058215243
2026-09-29,银行,0.0,0.00804289544235925,-0.8042895442359249
2026-09-29,非银行金融,0.0,0.013213328226733052,-1.3213328226733052
2026-09-29,食品饮料,0.065,0.023937188816545385,4.1062811183454615
2026-09-30,交通运输,0.01,0.02297970126388357,-1.297970126388357
2026-09-30,传媒,0.025,0.026426656453466105,-0.14266564534661033
2026-09-30,农林牧渔,0.105,0.019149751053236307,8.58502489467637
2026-09-30,医药,0.035,0.09191880505553428,-5.691880505553428
2026-09-30,商贸零售,0.045,0.019532746074301034,2.5467253925698965
2026-09-30,国防军工,0.03,0.02297970126388357,0.7020298736116429
2026-09-30,基础化工,0.1,0.09536576024511681,0.4634239754883196
2026-09-30,家电,0.005,0.015128303332056683,-1.0128303332056683
2026-09-30,建材,0.04,0.0160857908847185,2.3914209115281504
2026-09-30,建筑,0.025,0.02929911911145155,-0.429911911145155
2026-09-30,房地产,0.01,0.020107238605898123,-1.0107238605898123
2026-09-30,有色金属,0.01,0.024511681348142474,-1.4511681348142473
2026-09-30,机械,0.085,0.12409038682497127,-3.909038682497126
2026-09-30,汽车,0.04,0.04729988510149368,-0.729988510149368
2026-09-30,消费者服务,0.015,0.010723860589812333,0.4276139410187667
2026-09-30,煤炭,0.005,0.006702412868632708,-0.17024128686327078
2026-09-30,电力及公用事业,0.045,0.043661432401378784,0.1338567598621214
2026-09-30,电力设备及新能源,0.03,0.05821524320183838,-2.821524320183838
2026-09-30,电子,0.11,0.09785522788203753,1.2144772117962472
2026-09-30,石油石化,0.02,0.009574875526618154,1.0425124473381846
2026-09-30,纺织服装,0.02,0.018958253542703946,0.10417464572960548
2026-09-30,综合,0.0,0.004021447721179625,-0.40214477211796246
2026-09-30,综合金融,0.01,0.0019149751053236309,0.8085024894676369
2026-09-30,计算机,0.03,0.06396016851780927,-3.3960168517809266
2026-09-30,轻工制造,0.065,0.031405591727307544,3.3594408272692458
2026-09-30,通信,0.035,0.022788203753351208,1.2211796246648796
2026-09-30,钢铁,0.015,0.010149368058215244,0.48506319417847554
2026-09-30,银行,0.0,0.00804289544235925,-0.8042895442359249
2026-09-30,非银行金融,0.0,0.013213328226733052,-1.3213328226733052
2026-09-30,食品饮料,0.035,0.023937188816545385,1.106281118345462
2026-10-08,交通运输,0.0,0.022970903522205207,-2.2970903522205206
2026-10-08,传媒,0.025,0.026416539050535988,-0.14165390505359865
2026-10-08,农林牧渔,0.06,0.018950995405819297,4.1049004594180705
2026-10-08,医药,0.045,0.0920750382848392,-4.707503828483921
2026-10-08,商贸零售,0.03,0.019525267993874426,1.0474732006125573
2026-10-08,国防军工,0.02,0.022970903522205207,-0.29709035222052066
2026-10-08,基础化工,0.06,0.09552067381316999,-3.5520673813169994
2026-10-08,家电,0.005,0.01512251148545176,-1.012251148545176
2026-10-08,建材,0.02,0.016079632465543645,0.3920367534456355
2026-10-08,建筑,0.02,0.02928790199081164,-0.9287901990811639
2026-10-08,房地产,0.005,0.020099540581929556,-1.5099540581929554
2026-10-08,有色金属,0.005,0.024693721286370596,-1.9693721286370596
2026-10-08,机械,0.155,0.12404287901990811,3.0957120980091886
2026-10-08,汽车,0.05,0.04728177641653905,0.2718223583460952
2026-10-08,消费者服务,0.015,0.010719754977029096,0.4280245022970903
2026-10-08,煤炭,0.0,0.006699846860643185,-0.6699846860643185
2026-10-08,电力及公用事业,0.03,0.043644716692189896,-1.3644716692189898
2026-10-08,电力设备及新能源,0.05,0.05819295558958652,-0.819295558958652
2026-10-08,电子,0.23,0.09781776416539051,13.21822358346095
2026-10-08,石油石化,0.01,0.009571209800918835,0.04287901990811648
2026-10-08,纺织服装,0.015,0.018950995405819297,-0.3950995405819297
2026-10-08,综合,0.0,0.004019908116385911,-0.40199081163859113
2026-10-08,综合金融,0.01,0.0019142419601837673,0.8085758039816232
2026-10-08,计算机,0.02,0.06393568147013783,-4.393568147013783
2026-10-08,轻工制造,0.05,0.03139356814701378,1.8606431852986223
2026-10-08,通信,0.05,0.02277947932618683,2.7220520673813176
2026-10-08,钢铁,0.01,0.010145482388973967,-0.014548238897396648
2026-10-08,银行,0.0,0.008039816232771823,-0.8039816232771823
2026-10-08,非银行金融,0.0,0.013208269525267994,-1.3208269525267995
2026-10-08,食品饮料,0.01,0.023928024502297092,-1.3928024502297092
