date,style,risk_column,top200_mean,market_mean,difference
2026-09-21,SIZE,size,-2.4891588566843224,-1.7627946282425513,-0.7263642284417711
2026-09-21,midsize,mid_cap,-0.9474062423289555,-0.07171384328858156,-0.875692399040374
2026-09-21,btop,book_to_price,-0.29710611490205086,-0.2507522944145145,-0.046353820487536335
2026-09-21,mom,momentum,-0.5661488339466176,-0.5397122641646083,-0.026436569782009367
2026-09-21,resvol,residual_volatility,0.35003763712724956,0.1949017083536309,0.15513592877361865
2026-09-22,SIZE,size,-2.459867418160501,-1.765104763344185,-0.6947626548163159
2026-09-22,midsize,mid_cap,-0.8444669610705983,-0.0715698646437151,-0.7728970964268832
2026-09-22,btop,book_to_price,-0.29138927272005716,-0.2511136924835583,-0.040275580236498854
2026-09-22,mom,momentum,-0.42995727364542646,-0.49899081003334467,0.0690335363879182
2026-09-22,resvol,residual_volatility,0.3528390759587618,0.2054835174859682,0.1473555584727936
2026-09-23,SIZE,size,-2.47060180103432,-1.7627425595795154,-0.7078592414548046
2026-09-23,midsize,mid_cap,-0.8106483210124759,-0.07153649328586045,-0.7391118277266154
2026-09-23,btop,book_to_price,-0.32567865237242927,-0.2487219991006455,-0.07695665327178378
2026-09-23,mom,momentum,-0.45631702954908493,-0.5218683388866882,0.06555130933760323
2026-09-23,resvol,residual_volatility,0.540239232976034,0.20882029991359408,0.33141893306243997
2026-09-24,SIZE,size,-2.452803431273373,-1.761557017593323,-0.6912464136800498
2026-09-24,midsize,mid_cap,-0.8385157447726119,-0.06855617964135881,-0.7699595651312531
2026-09-24,btop,book_to_price,-0.3239137077636529,-0.26197752189233453,-0.06193618587131838
2026-09-24,mom,momentum,-0.42206604252645347,-0.4956881118750412,0.07362206934858773
2026-09-24,resvol,residual_volatility,0.5445341550418141,0.2181121830067504,0.32642197203506373
2026-09-28,SIZE,size,-2.3166424177174445,-1.764154031991203,-0.5524883857262415
2026-09-28,midsize,mid_cap,-0.5492213903795875,-0.0654894601011368,-0.4837319302784507
2026-09-28,btop,book_to_price,-0.529814901112921,-0.2814473606598885,-0.24836754045303244
2026-09-28,mom,momentum,-0.17629628739837333,-0.4685461273950793,0.29224983999670595
2026-09-28,resvol,residual_volatility,0.8131975845994471,0.23421363705339981,0.5789839475460473
2026-09-29,SIZE,size,-2.318655739905442,-1.7621706772994934,-0.5564850626059485
2026-09-29,midsize,mid_cap,-0.5279157776539504,-0.06546344785399354,-0.4624523297999568
2026-09-29,btop,book_to_price,-0.44228787578201095,-0.2835158373342997,-0.15877203844771126
2026-09-29,mom,momentum,-0.06916430822316717,-0.46068420208540595,0.3915198938622388
2026-09-29,resvol,residual_volatility,0.843423727643696,0.2386470359725557,0.6047766916711403
